{"eval/loss": 1.128219485282898, "eval/accuracy": 0.547563025210084, "eval/f1": 0.5470297154863124, "eval/precision": 0.5527901947183171, "eval/recall": 0.5444486622799508, "eval/runtime": 211.2484, "eval/samples_per_second": 14.083, "eval/steps_per_second": 1.761, "train/global_step": 0, "_timestamp": 1715483058.907209, "_runtime": 5.354568004608154, "_step": 0, "_wandb": {"runtime": 6}}