{"train/loss": 1.6103, "train/grad_norm": 2.0336313247680664, "train/learning_rate": 2.0875420875420878e-07, "train/epoch": 2.9696969696969697, "train/global_step": 14700, "_timestamp": 1715497248.6233556, "_runtime": 9922.740800619125, "_step": 148, "eval/loss": 1.609375, "eval/accuracy": 0.20165807752632758, "eval/f1": 0.16835263588216082, "eval/precision": 0.1864783972604297, "eval/recall": 0.19213632593595703, "eval/runtime": 141.3013, "eval/samples_per_second": 31.585, "eval/steps_per_second": 1.975}