{"eval/loss": 1.128198266029358, "eval/accuracy": 0.547563025210084, "eval/f1": 0.5470219441640726, "eval/precision": 0.5527563562833936, "eval/recall": 0.5444486622799508, "eval/runtime": 62.4166, "eval/samples_per_second": 47.664, "eval/steps_per_second": 2.98, "train/global_step": 11136, "_timestamp": 1715463946.1267083, "_runtime": 7439.108742237091, "_step": 121, "train/loss": 1.0072, "train/grad_norm": 30.363792419433594, "train/learning_rate": 7.902298850574714e-08, "train/epoch": 3.0, "train_runtime": 6197.7167, "train_samples_per_second": 14.374, "train_steps_per_second": 1.797, "total_flos": 2.075520624780672e+17, "train_loss": 1.252042861848042}