{"train/loss": 0.2601, "train/grad_norm": 11.02141284942627, "train/learning_rate": 1.844219977553311e-05, "train/epoch": 0.2356902356902357, "train/global_step": 700, "_timestamp": 1715393732.9579146, "_runtime": 1209.9082565307617, "_step": 6}