{"eval/loss": 1.609375, "eval/accuracy": 0.200672268907563, "eval/f1": 0.10889350517271401, "eval/precision": 0.17823394469928303, "eval/recall": 0.1953893437463511, "eval/runtime": 28.4967, "eval/samples_per_second": 104.398, "eval/steps_per_second": 6.527, "train/global_step": 800, "_timestamp": 1715421707.029382, "_runtime": 19475.08706688881, "_step": 155, "train/loss": 0.2842, "train/grad_norm": 1.203381061553955, "train/learning_rate": 1.821324354657688e-05, "train/epoch": 0.26936026936026936, "train_runtime": 3094.1493, "train_samples_per_second": 28.791, "train_steps_per_second": 2.88, "total_flos": 1.037760312390336e+17, "train_loss": 1.618311787186782}