{"train/loss": 0.1528, "train/grad_norm": 31.461179733276367, "train/learning_rate": 3.5914702581369254e-08, "train/epoch": 3.0, "train/global_step": 8910, "_timestamp": 1715438879.6391206, "_runtime": 1236.8769135475159, "_step": 92, "eval/loss": 0.16476228833198547, "eval/accuracy": 0.9576470588235294, "eval/f1": 0.9576882940858313, "eval/precision": 0.9578374027202022, "eval/recall": 0.9575536552085161, "eval/runtime": 13.3789, "eval/samples_per_second": 222.364, "eval/steps_per_second": 13.902, "train_runtime": 1236.9228, "train_samples_per_second": 72.021, "train_steps_per_second": 7.203, "total_flos": 2.95016193942912e+16, "train_loss": 0.22166800188563354}