{"eval/loss": 1.609375, "eval/accuracy": 0.19896930315930988, "eval/f1": 0.19482088465291364, "eval/precision": 0.19518943317921908, "eval/recall": 0.19607900688798524, "eval/runtime": 144.1197, "eval/samples_per_second": 30.967, "eval/steps_per_second": 1.936, "train/global_step": 14850, "_timestamp": 1715495282.7570152, "_runtime": 11908.92543721199, "_step": 152, "train/loss": 1.6161, "train/grad_norm": 2.1352779865264893, "train/learning_rate": 8.215488215488216e-08, "train/epoch": 3.0, "train_runtime": 10369.1704, "train_samples_per_second": 8.591, "train_steps_per_second": 1.432, "total_flos": 2.075534636639616e+17, "train_loss": 1.5130928024137864}