{"train/loss": 0.1309, "train/grad_norm": 19.502256393432617, "train/learning_rate": 4.040404040404041e-08, "train/epoch": 3.0, "train/global_step": 8910, "_timestamp": 1715399915.6195052, "_runtime": 5964.2282111644745, "_step": 92, "eval/loss": 0.16610288619995117, "eval/accuracy": 0.9640336134453782, "eval/f1": 0.9636421097022561, "eval/precision": 0.9637982097098889, "eval/recall": 0.9635096512349787, "eval/runtime": 62.3593, "eval/samples_per_second": 47.707, "eval/steps_per_second": 2.983, "train_runtime": 5964.2442, "train_samples_per_second": 14.937, "train_steps_per_second": 1.494, "total_flos": 2.075520624780672e+17, "train_loss": 0.18729583658821522}