{"eval/loss": 1.6071292161941528, "eval/accuracy": 0.4181512605042017, "eval/f1": 0.4179198538341007, "eval/precision": 0.44035462868607433, "eval/recall": 0.4284045660552243, "eval/runtime": 34.8885, "eval/samples_per_second": 85.272, "eval/steps_per_second": 10.663, "train/global_step": 100, "_timestamp": 1715392066.5270805, "_runtime": 862.9834356307983, "_step": 6, "train/loss": 1.3975, "train/grad_norm": 92.46234893798828, "train/learning_rate": 1.9957342673042816e-05, "train/epoch": 0.006735140596059942}